insert into paciente(RG, nome, nomeSocial, dataNasc, email, historico, sexo, idade)
	values ('9543210','Alex Mattos',default, '1993-02-14', 'alex.mattos@gmail.com', 'consulta de rotina', 'M', default),
           ('2432109','Barbara Lucena',default, '1985-06-22', 'barbara.lucena@gmail.com', 'limpeza de tártaro', 'F', default),
           ('4321098','Caio Silva','Kai', '1974-11-05', 'caio.silva@gmail.com', 'extração de dente', 'M', default),
           ('1234567','Daniela Souza',default, '1990-03-12', 'daniela.souza@gmail.com', 'check-up anual', 'F', default),
           ('2345678','Eduardo Lima',default, '1988-07-19', 'eduardo.lima@gmail.com', 'tratamento de canal', 'M', default),
           ('3456789','Fernanda Costa','Nanda', '1995-09-23', 'fernanda.costa@gmail.com', 'aparelho ortodôntico', 'F', default),
           ('4567890','Gabriel Oliveira',default, '1982-01-30', 'gabriel.oliveira@gmail.com', 'clareamento dental', 'M', default),
           ('5678901','Helena Martins',default, '1997-05-15', 'helena.martins@gmail.com', 'consulta de rotina', 'F', default),
           ('6789012','Igor Santos',default, '1991-11-11', 'igor.santos@gmail.com', 'extração de siso', 'M', default),
           ('7890123','Juliana Pereira','Juli', '1984-02-28', 'juliana.pereira@gmail.com', 'limpeza de tártaro', 'F', default),
           ('8901234','Lucas Fernandes',default, '1996-08-08', 'lucas.fernandes@gmail.com', 'tratamento de cárie', 'M', default),
           ('9012345','Mariana Rocha',default, '1992-12-05', 'mariana.rocha@gmail.com', 'aplicação de flúor', 'F', default),
           ('0123456','Nicolas Almeida',default, '1986-04-17', 'nicolas.almeida@gmail.com', 'consulta de rotina', 'M', default),
           ('0987654','Olivia Ribeiro',default, '1994-10-25', 'olivia.ribeiro@gmail.com', 'tratamento de gengivite', 'F', default),
           ('8765432','Pedro Carvalho',default, '1980-06-30', 'pedro.carvalho@gmail.com', 'extração de dente', 'M', default),
           ('1111111','Amanda Lima','Mandy', '1992-01-20', 'amanda.lima@gmail.com', 'consulta de rotina', 'F', default),
           ('2222222','Bruno Costa',default, '1987-03-15', 'bruno.costa@gmail.com', 'limpeza de dente', 'M', default),
           ('3333333','Camila Souza','Cami', '1994-08-12', 'camila.souza@gmail.com', 'tratamento ortodontia', 'F', default),
           ('4444444','Diego Martins',default, '1981-05-30', 'diego.martins@gmail.com', 'extração de dente', 'M', default),
           ('5555555','Eva Oliveira',default, '1990-12-18', 'eva.oliveira@gmail.com', 'consulta de rotina', 'F', default),
           ('6666666','Felipe Almeida','Fê', '1995-11-08', 'felipe.almeida@gmail.com', 'tratamento de cárie', 'M', default),
           ('7777777','Gabriela Rocha',default, '1984-07-25', 'gabriela.rocha@gmail.com', 'aplicação de flúor', 'F', default),
           ('8888888','Henrique Santos',default, '1993-04-10', 'henrique.santos@gmail.com', 'limpeza de tártaro', 'M', default),
           ('9999999','Isadora Mendes','Isa', '1989-09-14', 'isadora.mendes@gmail.com', 'consulta de rotina', 'F', default),
           ('0000001','João Pedro',default, '1996-06-05', 'joao.pedro@gmail.com', 'tratamento de canal', 'M', default),
           ('0000002','Karla Dias',default, '1986-10-22', 'karla.dias@gmail.com', 'extração de siso', 'F', default),
           ('0000003','Leonardo Pereira',default, '1983-02-01', 'leonardo.pereira@gmail.com', 'limpeza de dente', 'M', default),
           ('0000004','Mariana Lima','Mari', '1991-11-27', 'mariana.lima@gmail.com', 'consulta de rotina', 'F', default),
           ('0000005','Natan Ferreira',default, '1985-03-18', 'natan.ferreira@gmail.com', 'tratamento de gengivite', 'M', default),
           ('0000006','Olivia Costa',default, '1994-07-08', 'olivia.costa@gmail.com', 'aparelho ortodôntico', 'F', default);
                      
insert into enderecopaciente(Paciente_RG, CEP, uf, bairro, rua , complemento)
		values('9543210', '50000-000', 'PE', 'Boa Viagem', 'Rua das Flores', 'Apto 101'),
				('2432109', '51000-000', 'PE', 'Pina', 'Avenida da Paz', 'Casa 5'),
				('4321098', '52000-000', 'PE', 'Espinheiro', 'Rua do Sol', 'Bloco B'),
				('1234567', '52010-000', 'PE', 'Graças', 'Rua das Acácias', 'Suite 2'),
				('2345678', '51100-000', 'PE', 'Jardim São Paulo', 'Rua da Esperança', 'Apto 302'),
				('3456789', '51110-000', 'PE', 'Vasco da Gama', 'Avenida Norte', 'Ponto Comercial'),
				('4567890', '51120-000', 'PE', 'São José', 'Rua do Comércio', 'Salão 3'),
				('5678901', '50010-000', 'PE', 'Piedade', 'Avenida Boa Viagem', 'Térreo'),
				('6789012', '51130-000', 'PE', 'Cordeiro', 'Rua da União', 'Apto 204'),
				('7890123', '51020-000', 'PE', 'Setúbal', 'Rua das Oliveiras', 'Casa 4');
                                        
 insert into telefonepaciente(numero, Paciente_RG)
	values('(81) 99999-0001', '9543210'),
			('(81) 98888-1112', '2432109'),
			('(81) 97777-2223', '4321098'),
			('(81) 96666-3334', '1234567'),
			('(81) 95555-4445', '2345678'),
			('(81) 94444-5556', '3456789'),
			('(81) 93333-6667', '4567890'),
			('(81) 92222-7778', '5678901'),
			('(81) 91111-8889', '6789012'),
			('(81) 90000-9990', '7890123'),
			('(81) 98888-0001', '8901234'),
			('(81) 97777-1112', '9012345'),
			('(81) 96666-2223', '0123456'),
			('(81) 95555-3334', '0987654'),
			('(81) 94444-4445', '8765432'),
            ('(81) 99876-5432', '0000006'),
            ('(81) 99111-2222', '0000005'),
            ('(81) 99212-3333', '8888888');                   
                
insert into profissional(CPF, nome, email, dataNasc, cargo, especializacao, dataAdm, sexo, salario)
	values('12345678901', 'Ana Silva', 'ana.silva@gmail.com', '1985-03-15', 'Dentista', 'Ortodontia', '2010-06-01', 'F', 8500.00),
			('23456789012', 'Bruno Costa', 'bruno.costa@gmail.com', '1978-07-22', 'Administrador', 'Gestão Clinica', '2008-09-15', 'M', 12000.00),
			('34567890123', 'Carla Souza', 'carla.souza@gmail.com', '1990-11-05', 'Dentista', 'Pediatria', '2015-03-20', 'F', 6000.00),
			('45678901234', 'Daniel Oliveira', 'daniel.oliveira@gmail.com', '1982-01-30', 'Administrador', 'Recursos Humanos', '2012-11-10', 'M', 7000.00),
			('87654321098', 'Sérgio Costa', 'sergio.costa@gmail.com', '1982-12-10', 'Segurança', 'Segurança Patrimonial', '2019-11-15', 'M', 4000.00),
			('76543210987', 'Renata Lima', 'renata.lima@gmail.com', '1990-04-22', 'Auxiliar de Serviços Gerais', 'Limpeza', '2021-05-20', 'F', 2500.00),
			('56789012345', 'Fernanda Alves', 'fernanda.alves@gmail.com', '1992-08-14', 'Dentista', 'Endodontia', '2016-04-15', 'F', 7500.00),
			('67890123456', 'João Pereira', 'joao.pereira@gmail.com', '1987-05-25', 'Recepcionista', 'Atendimento ao Cliente', '2019-02-05', 'M', 3000.00),
			('78901234567', 'Letícia Gomes', 'leticia.gomes@gmail.com', '1995-09-12', 'Dentista', 'Periodontia', '2020-07-01', 'F', 6800.00),
			('89012345678', 'Marcos Vieira', 'marcos.vieira@gmail.com', '1980-02-18', 'Técnico em Radiologia', 'Radiologia', '2013-12-10', 'M', 5500.00),
			('90123456789', 'Tatiane Moreira', 'tatiane.moreira@gmail.com', '1984-03-05', 'Recepcionista', 'Atendimento ao Cliente', '2020-11-25', 'F', 3200.00),
			('01234567890', 'Carlos Mendes', 'carlos.mendes@gmail.com', '1975-10-20', 'Dentista', 'Cirurgia Buco-Maxilo-Facial', '2005-09-10', 'M', 9000.00),
			('10987654321', 'Paula Nogueira', 'paula.nogueira@gmail.com', '1989-06-18', 'Auxiliar de Saúde Bucal', 'Assistência Odontológica', '2018-05-15', 'F', 3500.00),
			('19876543210', 'Roberto Lima', 'roberto.lima@gmail.com', '1981-11-01', 'Segurança', 'Segurança Patrimonial', '2017-08-10', 'M', 4500.00),
			('28765432109', 'Beatriz Rocha', 'beatriz.rocha@gmail.com', '1993-07-22', 'Dentista', 'Estética', '2019-09-20', 'F', 7700.00);
                                
insert into enderecoProfissional(Profissional_CPF, CEP, uf, bairro, rua , complemento)
	values('12345678901', '50000-000', 'PE', 'Boa Viagem', 'Rua das Flores', 'Apto 101'),
		('23456789012', '51000-000', 'PE', 'Pina', 'Avenida da Paz', 'Casa 5'),
		('34567890123', '52000-000', 'PE', 'Espinheiro', 'Rua do Sol', 'Bloco B'),
		('45678901234', '52010-000', 'PE', 'Graças', 'Rua das Acácias', 'Suite 2'),
		('87654321098', '51100-000', 'PE', 'Jardim São Paulo', 'Rua da Esperança', 'Apto 302'),
		('76543210987', '51110-000', 'PE', 'Vasco da Gama', 'Avenida Norte', 'Ponto Comercial'),
		('56789012345', '51120-000', 'PE', 'São José', 'Rua do Comércio', 'Salão 3'),
		('67890123456', '50010-000', 'PE', 'Piedade', 'Avenida Boa Viagem', 'Térreo'),
		('78901234567', '51130-000', 'PE', 'Cordeiro', 'Rua da União', 'Apto 204'),
		('89012345678', '51020-000', 'PE', 'Setúbal', 'Rua das Oliveiras', 'Casa 4'),
		('90123456789', '50020-000', 'PE', 'Santo Amaro', 'Avenida do Forte', 'Casa 10'),
		('01234567890', '51140-000', 'PE', 'Bairro do Recife', 'Rua dos Canários', 'Apto 5'),
		('10987654321', '52030-000', 'PE', 'Casa Forte', 'Rua da Liberdade', 'Conjunto A'),
		('19876543210', '51150-000', 'PE', 'Ipsep', 'Rua do Futuro', 'Apto 301'),
		('28765432109', '50030-000', 'PE', 'Afogados', 'Rua da Paz', 'Térreo');
        
insert into telefoneprofissional(numero, Profissional_CPF)
			values('(81) 99100-1234', '12345678901'),
		('(81) 98811-2345', '23456789012'),
		('(81) 97722-3456', '34567890123'),
		('(81) 96633-4567', '45678901234'),
		('(81) 95544-5678', '87654321098'),
		('(81) 94455-6789', '76543210987'),
		('(81) 93366-7890', '56789012345'),
		('(81) 92277-8901', '67890123456'),
		('(81) 91188-9012', '78901234567'),
		('(81) 90099-0123', '89012345678'),
		('(81) 89900-1234', '90123456789'),
		('(81) 88811-2345', '01234567890'),
		('(81) 87722-3456', '10987654321'),
		('(81) 86633-4567', '19876543210'),
		('(81) 85544-5678', '28765432109');
                 
insert into dentista(Profissional_CPF,CRO)
	values('12345678901', '12345-PE'),
			('34567890123', '23456-DF'),
			('56789012345', '34567-SP'),
			('78901234567', '45678-RJ'),
			('01234567890', '56789-PE'),
			('28765432109', '67890-PE');
                
insert into gerente (Profissional_CPF, comissao)
	values ('12345678901', 1250.00),
		   ('34567890123', 2500.00);

INSERT INTO balanco (IdBalanco, FolhaPag, compraEquip, receita, custoSuprimento, custoOperacional, Gerente_Profissional_CPF) 
	VALUES(1, 5000.00, 15000.00, 25000.00, 5000.00, 8000.00, '12345678901'),
	(2, 6000.00, 20000.00, 30000.00, 6000.00, 9000.00, '12345678901'),
	(3, 7000.00, 12000.00, 28000.00, 5500.00, 8500.00, '12345678901'),
	(4, 8000.00, 16000.00, 32000.00, 6500.00, 9500.00, '12345678901'),
	(5, 7500.00, 14000.00, 29000.00, 5800.00, 8700.00, '12345678901'),
	(6, 4000.00, 10000.00, 23000.00, 4000.00, 7000.00, '34567890123'),
	(7, 5000.00, 18000.00, 35000.00, 5500.00, 8000.00, '34567890123'),
	(8, 6000.00, 13000.00, 26000.00, 4800.00, 7600.00, '34567890123'),
	(9, 6500.00, 17000.00, 34000.00, 6200.00, 9200.00, '34567890123'),
	(10, 3000.00, 9000.00, 21000.00, 3000.00, 6500.00, '34567890123');

insert into laboratorio(CNPJ, nome, historicoTrab, email, Gerente_Profissional_CPF)
	values('12.345.678/0001-90', 'Lab Dentária Plus', 'Molde dentário para próteses.', 'contato@labdentariaplus.com', '12345678901'),
	('23.456.789/0001-91', 'ProLab Odontologia', 'Produção de próteses dentárias.', 'info@prolabodontologia.com', '34567890123'),
	('34.567.890/0001-92', 'Equipamentos DentaLab', 'Manutenção de equipamentos odontológicos.', 'atendimento@equipdentalab.com', '12345678901'),
	('45.678.901/0001-93', 'OdontoFlex Laboratório', 'Moldes e próteses personalizados.', 'suporte@odontoflex.com', '34567890123'),
	('56.789.012/0001-94', 'Laboratório Sorriso Verde', 'Análises e produção de alinhadores dentais.', 'contato@sorrisoverde.com', '12345678901'),
	('67.890.123/0001-95', 'OdontoMaster', 'Fabricante de próteses de alta qualidade.', 'info@odontomaster.com', '34567890123'),
	('78.901.234/0001-96', 'Laboratório Nova Sorriso', 'Reparo e manutenção de próteses.', 'atendimento@novasorriso.com', '12345678901'),
	('89.012.345/0001-97', 'ProLab Dental', 'Consultoria em moldes dentários.', 'suporte@prolabdental.com', '34567890123'),
	('90.123.456/0001-98', 'OdontoService', 'Serviços de laboratório para dentistas.', 'contato@odontoservice.com', '12345678901'),
	('01.234.567/0001-99', 'Sorriso Radiante Lab', 'Produção de moldes e alinhadores.', 'info@sorrisoradiante.com', '34567890123'),
	('11.345.678/0001-00', 'Laboratório Estética Dental', 'Soluções em próteses e estética.', 'atendimento@esteticadental.com', '12345678901'),
	('21.456.789/0001-01', 'DentLab Brasil', 'Inovação em moldes e tratamentos dentários.', 'suporte@dentlabbrasil.com', '34567890123');
    
 insert into telefonelaboratorio(numero, Laboratorio_CNPJ)
	values('(81) 99999-1111', '12.345.678/0001-90'),
		('(81) 98888-2222', '23.456.789/0001-91'),
		('(81) 97777-3333', '34.567.890/0001-92'),
		('(81) 96666-4444', '45.678.901/0001-93'),
		('(81) 95555-5555', '56.789.012/0001-94'),
		('(81) 94444-6666', '67.890.123/0001-95'),
		('(81) 93333-7777', '78.901.234/0001-96'),
		('(81) 92222-8888', '89.012.345/0001-97'),
		('(81) 91111-9999', '90.123.456/0001-98'),
		('(81) 90000-0000', '01.234.567/0001-99'),
		('(81) 98888-1010', '11.345.678/0001-00'),
		('(81) 97777-2020', '21.456.789/0001-01');
                                           
insert  into agendamento (estadoConsulta, tipoProcedimento, dataHora, Dentista_Profissional_CPF)
	values('Rotina', 'Limpeza de Tártaro', '2023-09-17 14:30:00', '12345678901'),
		('Rotina', 'Clareamento Dental', '2023-09-18 09:00:00', '34567890123'),
		('Emergência', 'Extração de Dente', '2023-09-19 11:15:00', '56789012345'),
		('Rotina', 'Restauração', '2023-09-20 10:00:00', '78901234567'),
		('Rotina', 'Tratamento de Canal', '2023-09-21 14:00:00', '01234567890'),
		('Rotina', 'Aplicação de Flúor', '2023-09-22 16:30:00', '28765432109'),
		('Emergência', 'Consulta de Avaliação', '2023-09-23 10:45:00', '12345678901'),
		('Rotina', 'Periodontia', '2023-09-24 13:00:00', '34567890123'),
		('Rotina', 'Implante Dental', '2023-09-25 15:30:00', '56789012345'),
		('Rotina', 'Revisão Ortodontia', '2023-09-26 09:30:00', '78901234567'),
        ('Rotina', 'Avaliação Geral', '2023-09-27 10:30:00', '01234567890'),
		('Emergência', 'Tratamento de Cárie', '2023-09-28 11:00:00', '28765432109'),
		('Rotina', 'Ajuste de Aparelho', '2023-09-29 14:15:00', '12345678901'),
		('Rotina', 'Retorno de Cirurgia', '2023-09-30 16:00:00', '34567890123'),
		('Emergência', 'Tratamento de Gengivite', '2023-10-01 09:45:00', '56789012345');
                   
insert into procedimentoodonto (nome, custo, descricao)
		values('Limpeza de Tártaro', 150.00, 'O procedimento para o tratamento do tártaro em consultório consiste em uma raspagem através de ultrassom.'),
				('Clareamento Dental', 350.00, 'O clareamento dental é um tratamento estético que deixa os dentes mais brancos, utilizando um gel clareador (peróxido de carbamida ou de hidrogênio).'),
                ('Restauração', 200.00, 'A restauração é um procedimento que visa reparar dentes cariados ou danificados utilizando materiais como resina composta ou amálgama.'),
				('Tratamento de Canal', 600.00, 'O tratamento de canal é indicado para tratar infecções no interior do dente, removendo a polpa infectada e selando o canal radicular.'),
				('Extração de Dente', 300.00, 'A extração de dente é o procedimento de remoção de dentes que não podem ser salvos, como dentes muito danificados ou dentes do siso.'),
				('Aplicação de Flúor', 80.00, 'A aplicação de flúor é um procedimento preventivo que fortalece o esmalte dental e ajuda na prevenção de cáries.'),
				('Prótese Dentária', 800.00, 'As próteses dentárias são dispositivos que substituem dentes perdidos, podendo ser fixas ou removíveis, melhorando a função e a estética.'),
				('Periodontia', 400.00, 'A periodontia envolve o tratamento das doenças gengivais, com procedimentos que visam a limpeza profunda e a regeneração do tecido gengival.'),
				('Implante Dental', 3000.00, 'O implante dental é uma solução para a substituição de dentes perdidos, consistindo na colocação de um pino de titânio no osso da mandíbula.'),
				('Aparelho Ortodôntico', 1500.00, 'O aparelho ortodôntico é utilizado para corrigir a posição dos dentes e a mordida, melhorando a estética e a funcionalidade da arcada dentária.');                
                
 insert into segurosaude (nomeSeguro, apolice, cobertura, tipoSeguro)
	values('Seguradora Vida Saúde', '12345', 'Cobertura total para consultas e procedimentos odontológicos', 'individual'),
		('Saúde Segura', '67890', 'Cobertura para ortodontia e procedimentos estéticos', 'familiar'),
		('Plano Dental Mais', '54321', 'Cobertura parcial para restaurações e limpeza', 'individual'),
		('OdontoCare', '98765', 'Cobertura para urgências e emergências odontológicas', 'empresarial'),
		('Clinica Segura', '11223', 'Cobertura total para implantes e próteses', 'familiar'),
		('Sorriso Saúde', '44556', 'Cobertura para tratamentos preventivos e restaurações', 'individual'),
		('OdontoPremium', '77889', 'Cobertura completa para tratamento de canal e ortodontia', 'empresarial'),
		('Planos Dentais do Brasil', '33445', 'Cobertura para clareamento dental e estética', 'familiar'),
		('Saúde Dental', '66778', 'Cobertura para consultas e limpeza dental', 'individual'),
		('Apoio Odontológico', '99000', 'Cobertura para tratamentos periodontais e cirurgias', 'empresarial');        
        
insert into emailseguradora(email, SeguroSaude_idSeguroSaude)
		values('vidasaude@vida.com.br', 1),
				('vidasaude@gmail.com.br', 1),
                ('saudesegura@gmail.com.br', 2),
                ('saudesegura@seg.com.br', 2),
                ('planodentalmais@gmail.com.br', 3),
                ('odontocare@gmail.com.br', 4),
                ('clincasegura@gmail.com.br', 5),
                ('sorrisosaude@gmail.com.br', 6),
                ('odontopremium@gmail.com.br', 7),
                ('planodentaisbrasil@gmail.com.br', 8),
                ('saudedental@saude.com.br', 9),
                ('apoiodontologico@gmail.com.br', 10);
                
insert into telefoneseguradora(numero, SeguroSaude_idSeguroSaude)
		values('(81)99009-4839', 1),
				('(81)3344-2209', 1),
				('(21)97009-1239', 2),
				('(11)99888-5678', 2),
				('(31)99999-1234', 3),
				('(41)91111-2222', 3),
				('(51)98888-5555', 4),
				('(61)97777-4444', 4),
				('(71)96666-3333', 5),
				('(81)95555-6666', 5),
                ('(61)94444-7777', 6),
				('(71)93333-8888', 6),
				('(21)92222-9999', 7),
				('(41)91111-0000', 7),
				('(51)90000-1234', 8),
				('(31)98888-4321', 8),
				('(81)96666-1234', 9),
				('(11)95555-5678', 9),
				('(91)94444-5678', 10),
				('(85)93333-1234', 10);
                
insert into paciente_tem_segurosaude(seguroSaude_idSeguroSaude, Paciente_RG)
	values(1,'9543210'),
	(1,'2432109'),
	(4, '2432109'),
	(4, '0123456'),
	(2, '0123456'),
	(10, '9543210'),
	(10,'0987654'),
	(8, '6789012'),
	(5, '1234567'),
	(3, '6789012'),
	(1, '1111111'),
	(2, '2222222'),
	(3, '3333333'),
	(4, '4444444'),
	(5, '5555555'),
	(6, '6666666'),
	(7, '7777777'),
	(8, '8888888'),
	(9, '9999999'),
	(10, '0000001');


INSERT INTO registroclinico (prescricao, recomendacao, diagnostico) 
	VALUES('Amoxicilina 500mg', 'Evitar alimentos quentes 24 horas', 'Cárie avançada no molar sup. direito'),
			('Ibuprofeno 600mg', 'Bochechos com solução salina 3x ao dia', 'Gengivite leve'),
			('Enxaguante bucal clorexidina 0,12%', 'Repouso nas primeiras 12 horas', 'Abcesso no incisivo inf. esquerdo'),
			('Paracetamol 750mg', 'Evitar mastigar no lado afetado 3 dias', 'Periodontite moderada'),
			('Gel de flúor tópico', 'Não fumar por 48 horas', 'Fratura no pré-molar sup. esquerdo'),
			('Nimesulida 100mg', 'Retornar à clínica em 7 dias', 'Sensibilidade dentária generalizada'),
			('Lidocaína 2% (anestesia)', 'Compressa fria para reduzir inchaço', 'Pulpite no molar inf. direito'),
			('Metronidazol 400mg', 'Usar enxaguante sem álcool 1 semana', 'Impactação de siso inf. esquerdo'),
			('Naproxeno sódico 500mg', 'Evitar exercícios intensos por 48 horas', 'Erosão dentária por bruxismo'),
			('Creme dental com flúor', 'Escovar suavemente nas áreas tratadas', 'Inflamação alveolar pós-extração');
        
insert into registrofatura (metodoPagamento, planoSaude, procedimento, valor, Paciente_RG)
  values('dinheiro', 'N', 'Extração dentária', 550.00, '2432109'),
		('cartão', 'S', 'Limpeza de tártaro', 200.00, '9543210'),
		('dinheiro', 'N', 'Clareamento dental', 450.00, '4321098'),
		('cartão', 'S', 'Tratamento de canal', 700.00, '1234567'),
		('pix', 'N', 'Aparelho ortodôntico', 1500.00, '2345678'),
		('cartão', 'S', 'Consulta de rotina', 300.00, '3456789'),
		('dinheiro', 'N', 'Aplicação de flúor', 100.00, '4567890'),
		('pix', 'N', 'Extração de siso', 650.00, '5678901'),
		('cartão', 'S', 'Tratamento de gengivite', 350.00, '6789012'),
		('dinheiro', 'N', 'Restauração', 250.00, '7890123'),
		('cartão', 'S', 'Revisão de aparelho', 150.00, '8901234'),
		('pix', 'N', 'Tratamento estético', 800.00, '9012345'),
		('dinheiro', 'N', 'Check-up anual', 200.00, '0123456'),
		('cartão', 'S', 'Retorno de cirurgia', 400.00, '0987654'),
		('pix', 'N', 'Avaliação de prótese', 500.00, '8765432');
        
insert into agendamentopacienteproced (ProcedimentoOdonto_codigoProced, Agendamento_idAgendamento, Paciente_RG)
	values(1, 1, '0123456'),
    (6, 6, '0123456'),
    (9, 9, '2345678'),
    (10, 13, '2345678'),
    (2, 2, '9543210'),
    (3, 4, '9543210'),
    (4, 5, '9012345'),
    (5, 3, '8765432'),
    (8, 15, '4321098'),
    (8, 8, '4567890'),
    (6, 11, '6789012');
    
insert into registroclinicopaciente (paciente_RG, dentista_profissional_cpf, registroClinico_idRegistroClinico)
	values('0123456', '01234567890', 5),
    ('8901234', '56789012345', 10),
    ('8901234', '01234567890', 6),
    ('9012345', '28765432109', 8),
    ('5678901', '28765432109', 1),
    ('0987654', '01234567890', 2),
    ('2345678', '78901234567', 4),
    ('3456789', '34567890123', 7),
    ('9543210', '34567890123', 3),
    ('2432109', '12345678901', 9),
    ('0000001', '78901234567', 4),
    ('3456789', '01234567890', 5),
    ('9999999', '56789012345', 2),
    ('0000002', '01234567890', 1),
    ('0000006', '12345678901', 3);    